{
  "app_min_version":"1.0.0",
  "msrp_display_actual_price_type":"Use config",
  "variant_feature":"premium",
  "upgradeable":false,
  "small_image_label":"Coolocto Standard Membership for QuTScloud",
  "license_name":"Coolocto Video for QuTScloud",
  "product_class":"Coolocto Video for QuTScloud",
  "extendable":true,
  "gift_message_available":"No",
  "quota_device":"1",
  "shown_unit_price_sku":"LS-COOLOCTO-QTSCLD-1Y-EI",
  "app_display_name":"Coolocto Video for QuTScloud",
  "is_subscription":true,
  "thumbnail_label":"Coolocto Standard Membership for QuTScloud",
  "support_org":false,
  "purchase_before_installed":true,
  "is_perpetual":"FALSE",
  "amrolepermissions_owner":"0",
  "is_bundle":false,
  "variant_display_name":"Coolocto Membership for QuTScloud",
  "transferable":true,
  "pre_gen_key":false,
  "device_type":"vqts_cld, QTS, iOS, Android",
  "ui_type":"Normal",
  "type":"device",
  "video_title_2":" ",
  "product_image_size":"Default",
  "meta_description":"视频，音乐，多媒体，移动，学习，管理，娱乐，下载，记法，日历，计划，任务，提醒，远程，培训",
  "image_label":"Coolocto Standard Membership for QuTScloud",
  "immediate_activate":true
}