{
  "shipment_type":"Together",
  "meta_description":"CAYIN MediaSign Player 是一种易于使用的 Web 媒体播放器，也用作 QNAP NAS 上运行的视频播放工具和视频转换器。",
  "upgradeable":false,
  "small_image_label":"CAYIN MediaSign Player on QuTScloud",
  "license_name":"CAYIN MediaSign Player",
  "extendable":true,
  "app_display_name":"CAYIN MediaSign Player",
  "thumbnail_label":"CAYIN MediaSign Player on QuTScloud",
  "support_org":false,
  "is_perpetual":true,
  "sku_type":"1",
  "pre_gen_key":false,
  "image_label":"CAYIN MediaSign Player on QuTScloud",
  "immediate_activate":true,
  "app_min_version":"1",
  "msrp_display_actual_price_type":"Use config",
  "variant_display_name":"CAYIN MediaSign Player on QuTScloud",
  "variant_feature":"premium",
  "product_class":"CAYIN_MediaSign_Play_on_QuTScloud",
  "transcoding":"1",
  "is_floating":true,
  "quota_device":"1",
  "video_title_2":" ",
  "price_type":"0",
  "is_subscription":false,
  "is_self_check":false,
  "shown_unit_price_sku":"LS-CAYINPLAYER-QTSCLD-PLUS-FULL-AG-EI",
  "purchase_before_installed":true,
  "weight_type":"0",
  "amrolepermissions_owner":"0",
  "app_internal_name":"MediaSignPlayer",
  "price_view":"Price Range",
  "transferable":true,
  "ext_check_type":"product.product_type",
  "license_activation_info":"<div class=\"qSW-pd-desc\"  id=\"qSW-pd-detail-license\">\n    \n    <iframe class=\"resize_height iframe_license_activation\" id=\"iframe_license_activation\" src=\"https://docs.qnap.com/operating-system/qts/4.5.x/zh-cn/GUID-C6DE86F5-38A3-496E-A872-F833E1E5280D.html\" frameborder=\"0\" allowfullscreen=\"\" width=\"100%\" height=\"100%\" scrolling=\"no\"></iframe>\n\n</div>",
  "ui_type":"Drop-down List",
  "gift_message_available":"No",
  "is_bundle":false,
  "product_image_size":"Default",
  "ts_packaging_type":"None",
  "type":"device",
  "device_type":"vqts_cld"
}