{
  "meta_description":"Boxafe 是一款功能全面的企业备份解决方案，适用于 QNAP Cloud NAS 中的 Google™ G Suite 和 Microsoft® Office 365®。",
  "upgradeable":false,
  "small_image_label":"Boxafe for QuTScloud",
  "license_name":"Boxafe",
  "extendable":true,
  "app_display_name":"Boxafe",
  "thumbnail_label":"Boxafe for QuTScloud",
  "support_org":false,
  "is_perpetual":false,
  "video_title_1":"Boxafe: A business backup solution for Google™ G Suite and Microsoft® Office 365®",
  "pre_gen_key":false,
  "grace_period_days":"1",
  "video_url_1":"https://www.youtube.com/watch?v=bWEq0rs-yZs",
  "image_label":"Boxafe for QuTScloud",
  "immediate_activate":true,
  "app_min_version":"1.0.0",
  "msrp_display_actual_price_type":"Use config",
  "variant_display_name":"Boxafe for QuTScloud",
  "product_class":"Boxafe_for_QuTScloud",
  "variant_feature":"premium",
  "gift_message_available":"No",
  "quota_device":"1",
  "purchase_before_installed":true,
  "is_floating":true,
  "is_subscription":true,
  "is_self_check":true,
  "shown_unit_price_sku":"LS-BOXAFE-QTSCLD-1Y-EI",
  "type":"device",
  "is_grace":true,
  "amrolepermissions_owner":"0",
  "app_internal_name":"boxafe",
  "external_service":false,
  "transferable":true,
  "ext_check_type":"product.product_type",
  "video_image_url_1":"https://img.youtube.com/vi/bWEq0rs-yZs/0.jpg",
  "ui_type":"Drop-down List",
  "is_bundle":false,
  "license_activation_info":"<div class=\"qSW-pd-desc\"  id=\"qSW-pd-detail-license\">\n    \n    <iframe class=\"resize_height iframe_license_activation\" id=\"iframe_license_activation\" src=\"https://docs.qnap.com/operating-system/qts/4.5.x/zh-cn/GUID-C6DE86F5-38A3-496E-A872-F833E1E5280D.html\" frameborder=\"0\" allowfullscreen=\"\" width=\"100%\" height=\"100%\" scrolling=\"no\"></iframe>\n\n</div>",
  "product_image_size":"Default",
  "video_title_2":" ",
  "product_page_type":"Default",
  "device_type":"vqts_cld"
}