{
  "upgradeable":false,
  "small_image_label":"McAfee Antivirus for QuTScloud",
  "license_name":"McAfee Antivirus",
  "extendable":true,
  "app_display_name":"McAfee Antivirus",
  "thumbnail_label":"McAfee Antivirus for QuTScloud",
  "is_perpetual":false,
  "video_title_1":"Protect your files with McAfee® Antivirus",
  "pre_gen_key":true,
  "grace_period_days":"7",
  "video_url_1":"https://www.youtube.com/watch?v=rKEtNTiVApg",
  "image_label":"McAfee Antivirus for QuTScloud",
  "immediate_activate":true,
  "app_min_version":"2.0.0",
  "msrp_display_actual_price_type":"Use config",
  "product_class":"McAfee",
  "gift_message_available":"No",
  "quota_device":"1",
  "variant_feature":"premium",
  "is_subscription":true,
  "license_activation_info":"<div class=\"qSW-pd-desc\"  id=\"qSW-pd-detail-license\">\n    \n    <iframe class=\"resize_height iframe_license_activation\" id=\"iframe_license_activation\" src=\"https://docs.qnap.com/operating-system/qts/4.5.x/zh-cn/GUID-C6DE86F5-38A3-496E-A872-F833E1E5280D.html\" frameborder=\"0\" allowfullscreen=\"\" width=\"100%\" height=\"100%\" scrolling=\"no\"></iframe>\n\n</div>",
  "shown_unit_price_sku":"LS-MCAFEE-QTSCLD-1Y-EI",
  "purchase_before_installed":false,
  "online_activate_only":false,
  "amrolepermissions_owner":"0",
  "app_internal_name":"MCAFEE_QNAP",
  "type":"device",
  "ext_check_type":"product.product_type",
  "is_grace":true,
  "video_image_url_1":"https://img.youtube.com/vi/rKEtNTiVApg/0.jpg",
  "ui_type":"Drop-down List",
  "is_floating":true,
  "transferable":true,
  "product_image_size":"Default",
  "video_title_2":" ",
  "product_page_type":"Default",
  "device_type":"vqts_cld"
}