{
  "external_service":false,
  "upgradeable":true,
  "purchase_before_installed":false,
  "extendable":true,
  "is_bundle":false,
  "support_org":false,
  "product_page_type":"Default",
  "type":"device",
  "is_perpetual":false,
  "thumbnail_label":"QuTScloud",
  "is_subscription":true,
  "product_class":"vQTS_Cloud",
  "is_self_check":true,
  "small_image_label":"QuTScloud",
  "ext_check_type":"product.product_type",
  "transferable":true,
  "variant_feature":"premium",
  "amrolepermissions_owner":"0",
  "aw_sarp2_is_used_advanced_pricing":"Use config",
  "quota_device":"1",
  "product_image_size":"Default",
  "expiry_warning_day":"-1",
  "image_label":"QuTScloud",
  "msrp_display_actual_price_type":"Use config",
  "license_activation_info":"<div class=\"qSW-pd-desc\"  id=\"qSW-pd-detail-license\">\n    \n    <iframe class=\"resize_height iframe_license_activation\" id=\"iframe_license_activation\" src=\"https://docs.qnap.com/operating-system/qts/4.5.x/zh-cn/GUID-C6DE86F5-38A3-496E-A872-F833E1E5280D.html\" frameborder=\"0\" allowfullscreen=\"\" width=\"100%\" height=\"100%\" scrolling=\"no\"></iframe>\n\n</div>",
  "app_min_version":"c4.4.2",
  "shown_unit_price_sku":"LS-VQTSCLOUD-1CR-1Y-EI",
  "device_type":"vqts_cld",
  "gift_message_available":"No",
  "is_floating":true,
  "grace_period_days":"21",
  "immediate_activate":true,
  "pre_gen_key":false,
  "ui_type":"Drop-down List",
  "app_internal_name":"vqtscloud",
  "app_display_name":"QuTScloud"
}