{
  "video_title_3":"HybridMount: a file-based cloud storage gateway allows public cloud access like on a local NAS",
  "external_service":false,
  "small_image_label":"HybridMount for QuTScloud",
  "license_name":"HybridMount",
  "extendable":true,
  "license_activation_info":"<div class=\"qSW-pd-desc\"  id=\"qSW-pd-detail-license\">\n    \n    <iframe class=\"resize_height iframe_license_activation\" id=\"iframe_license_activation\" src=\"https://docs.qnap.com/operating-system/qts/4.5.x/zh-cn/GUID-C6DE86F5-38A3-496E-A872-F833E1E5280D.html\" frameborder=\"0\" allowfullscreen=\"\" width=\"100%\" height=\"100%\" scrolling=\"no\"></iframe>\n\n</div>",
  "video_url_3":"https://www.youtube.com/watch?v=cInAKsdIAlM",
  "support_org":true,
  "is_perpetual":false,
  "duration_year":"1",
  "video_title_1":"Multimedia Console x HybridMount: Manage Multimedia Contents in Hybrid Cloud",
  "pre_gen_key":true,
  "grace_period_days":"5",
  "meta_title":"HybridMount for QuTScloud",
  "video_url_1":"https://www.youtube.com/watch?v=vjscizJSItY",
  "image_label":"HybridMount for QuTScloud",
  "immediate_activate":true,
  "connection":"100",
  "msrp_display_actual_price_type":"Use config",
  "variant_feature":"premium",
  "video_image_url_2":"https://img.youtube.com/vi/feMm3mi0wmQ/0.jpg",
  "type":"device",
  "video_image_url_3":"https://img.youtube.com/vi/cInAKsdIAlM/0.jpg",
  "shown_unit_price_sku":"LS-HM-1CON-QTSCLD-1Y-EI",
  "gift_message_available":"No",
  "quota_device":"1",
  "is_grace":true,
  "is_floating":true,
  "is_subscription":true,
  "ext_check_type":"product.product_type",
  "thumbnail_label":"HybridMount for QuTScloud",
  "purchase_before_installed":false,
  "is_bundle":false,
  "amrolepermissions_owner":"0",
  "app_internal_name":"CacheMount",
  "app_min_version":"1.0.1862",
  "transferable":true,
  "video_url_2":"https://www.youtube.com/watch?v=feMm3mi0wmQ",
  "video_image_url_1":"https://img.youtube.com/vi/vjscizJSItY/0.jpg",
  "ui_type":"Drop-down List",
  "product_class":"HybridMount_for_QTScloud",
  "device_type":"vqts_cld",
  "product_image_size":"Default",
  "app_display_name":"HybridMount",
  "product_page_type":"Default",
  "video_title_2":"HybridMount / VJBOD Cloud 雲網關與雲創新｜QNAP 20th Tech day"
}