{
  "meta_description":"借助 QNAP QmailAgent，可以安全地集中管理，并轻松备份多个电子邮件帐户。",
  "upgradeable":false,
  "small_image_label":"QmailAgent for QuTScloud",
  "license_name":"QmailAgent",
  "extendable":true,
  "app_display_name":"QmailAgent",
  "thumbnail_label":"QmailAgent for QuTScloud",
  "support_org":false,
  "is_perpetual":false,
  "video_title_1":"QNAP QmailAgent - A mailroom center for your private cloud",
  "pre_gen_key":false,
  "grace_period_days":"1",
  "video_url_1":"https://www.youtube.com/watch?v=oAVSHGPIIYU",
  "image_label":"QmailAgent for QuTScloud",
  "immediate_activate":true,
  "app_min_version":"2.3.0",
  "msrp_display_actual_price_type":"Use config",
  "variant_display_name":"QmailAgent for QuTScloud",
  "product_class":"QmailAgent_for_QuTScloud",
  "ext_check_type":"product.product_type",
  "gift_message_available":"No",
  "quota_device":"1",
  "shown_unit_price_sku":"LS-QMAIL-QTSCLD-1Y-EI",
  "is_grace":true,
  "is_subscription":true,
  "is_self_check":true,
  "is_floating":true,
  "purchase_before_installed":true,
  "external_service":false,
  "amrolepermissions_owner":"0",
  "app_internal_name":"qmail",
  "is_bundle":false,
  "variant_feature":"premium",
  "transferable":true,
  "video_image_url_1":"https://img.youtube.com/vi/oAVSHGPIIYU/0.jpg",
  "ui_type":"Drop-down List",
  "license_activation_info":"<div class=\"qSW-pd-desc\"  id=\"qSW-pd-detail-license\">\n    \n    <iframe class=\"resize_height iframe_license_activation\" id=\"iframe_license_activation\" src=\"https://docs.qnap.com/operating-system/qts/4.5.x/zh-cn/GUID-C6DE86F5-38A3-496E-A872-F833E1E5280D.html\" frameborder=\"0\" allowfullscreen=\"\" width=\"100%\" height=\"100%\" scrolling=\"no\"></iframe>\n\n</div>",
  "type":"device",
  "product_image_size":"Default",
  "video_title_2":" ",
  "product_page_type":"Default",
  "device_type":"vqts_cld"
}