{
  "meta_description":"OCR Converter 将基于文本的图像转换为可编辑文档。您可以指定输出语言和文件格式，并创建转换计划以提高效率。",
  "small_image_label":"OCR Converter for QuTScloud",
  "license_name":"OCR Converter",
  "extendable":true,
  "app_display_name":"OCR Converter",
  "thumbnail_label":"OCR Converter for QuTScloud",
  "support_org":false,
  "is_perpetual":false,
  "video_title_1":"Use Text Editor to edit source code, digitize files with OCR Converter",
  "pre_gen_key":false,
  "grace_period_days":"1",
  "video_url_1":"https://www.youtube.com/watch?v=URTAGHARww8",
  "image_label":"OCR Converter for QuTScloud",
  "immediate_activate":true,
  "app_min_version":"1.2.0",
  "msrp_display_actual_price_type":"Use config",
  "product_class":"OCRConverter",
  "gift_message_available":"No",
  "quota_device":"1",
  "variant_feature":"premium",
  "is_subscription":true,
  "is_self_check":true,
  "is_grace":true,
  "type":"device",
  "shown_unit_price_sku":"LS-OCR-QTSCLD-1Y-EI",
  "amrolepermissions_owner":"0",
  "app_internal_name":"OCR_Converter",
  "is_floating":true,
  "transferable":true,
  "ext_check_type":"product.product_type",
  "video_image_url_1":"https://img.youtube.com/vi/URTAGHARww8/0.jpg",
  "ui_type":"Drop-down List",
  "external_service":false,
  "is_bundle":false,
  "product_image_size":"Default",
  "purchase_before_installed":true,
  "product_page_type":"Default",
  "device_type":"vqts_cld"
}