{
  "meta_description":"QuMagie 是一种 AI 辅助照片管理应用程序，可识别照片中的人物、物品或主题并自动进行组织。",
  "upgradeable":false,
  "small_image_label":"QuMagie for QuTScloud",
  "license_name":"QuMagie",
  "extendable":true,
  "app_display_name":"QuMagie",
  "thumbnail_label":"QuMagie for QuTScloud",
  "support_org":false,
  "is_perpetual":false,
  "video_title_1":"Explore the brand-new QuMagie",
  "pre_gen_key":false,
  "grace_period_days":"1",
  "video_url_1":"https://www.youtube.com/watch?v=XZOQepLi5MQ",
  "image_label":"QuMagie for QuTScloud",
  "immediate_activate":true,
  "msrp_display_actual_price_type":"Use config",
  "product_class":"QuMagie_for_QTScloud",
  "gift_message_available":"No",
  "quota_device":"1",
  "variant_feature":"premium",
  "is_floating":true,
  "is_subscription":true,
  "is_self_check":true,
  "shown_unit_price_sku":"LS-QUMAGIE-QTSCLD-1Y-EI",
  "type":"device",
  "is_grace":true,
  "amrolepermissions_owner":"0",
  "app_internal_name":"qumagie",
  "device_type":"vqts_cld",
  "transferable":true,
  "external_service":false,
  "video_image_url_1":"https://img.youtube.com/vi/XZOQepLi5MQ/0.jpg",
  "ui_type":"Drop-down List",
  "ext_check_type":"product.product_type",
  "is_bundle":false,
  "product_image_size":"Default",
  "license_activation_info":"<div class=\"qSW-pd-desc\"  id=\"qSW-pd-detail-license\">\n    \n    <iframe class=\"resize_height iframe_license_activation\" id=\"iframe_license_activation\" src=\"https://docs.qnap.com/operating-system/qts/4.5.x/zh-cn/GUID-C6DE86F5-38A3-496E-A872-F833E1E5280D.html\" frameborder=\"0\" allowfullscreen=\"\" width=\"100%\" height=\"100%\" scrolling=\"no\"></iframe>\n\n</div>",
  "product_page_type":"Default",
  "purchase_before_installed":false
}