{
  "meta_description":"Qsirch 是一款强大的全文搜索引擎，可帮助您在 QuTScloud 中搜索数据。",
  "upgradeable":false,
  "small_image_label":"Qsirch for QuTScloud",
  "license_name":"Qsirch",
  "extendable":true,
  "license_activation_info":"<div class=\"qSW-pd-desc\"  id=\"qSW-pd-detail-license\">\n    \n    <iframe class=\"resize_height iframe_license_activation\" id=\"iframe_license_activation\" src=\"https://docs.qnap.com/operating-system/qts/4.5.x/zh-cn/GUID-C6DE86F5-38A3-496E-A872-F833E1E5280D.html\" frameborder=\"0\" allowfullscreen=\"\" width=\"100%\" height=\"100%\" scrolling=\"no\"></iframe>\n\n</div>",
  "thumbnail_label":"Qsirch for QuTScloud",
  "support_org":true,
  "is_perpetual":false,
  "video_title_1":"New features of Qsirch 4.0: Map Search, Mac Finder Integration and NAS Exploration",
  "pre_gen_key":false,
  "grace_period_days":"1",
  "meta_title":"Qsirch for QuTScloud",
  "video_url_1":"https://www.youtube.com/watch?v=SorojsXHrOo",
  "image_label":"Qsirch for QuTScloud",
  "immediate_activate":true,
  "app_min_version":"4.1.0",
  "msrp_display_actual_price_type":"Use config",
  "variant_feature":"premium",
  "variant_display_name":"Qsirch for QuTScloud",
  "video_image_url_2":"https://img.youtube.com/vi/i_TxxngZyNk/0.jpg",
  "ext_check_type":"product.product_type",
  "product_class":"Qsirch",
  "shown_unit_price_sku":"LS-QSIRCH-QTSCLD-1Y-EI",
  "gift_message_available":"No",
  "quota_device":"1",
  "aw_sarp2_is_used_advanced_pricing":"Use config",
  "is_grace":true,
  "is_subscription":true,
  "is_self_check":true,
  "is_floating":true,
  "purchase_before_installed":true,
  "external_service":false,
  "amrolepermissions_owner":"0",
  "app_internal_name":"Qsirch",
  "is_bundle":false,
  "transferable":true,
  "video_url_2":"https://www.youtube.com/watch?v=i_TxxngZyNk",
  "video_image_url_1":"https://img.youtube.com/vi/SorojsXHrOo/0.jpg",
  "ui_type":"Drop-down List",
  "device_type":"vqts_cld",
  "type":"device",
  "product_image_size":"Default",
  "app_display_name":"Qsirch",
  "product_page_type":"Default",
  "video_title_2":"Get the most from Qsirch's file indexing and search"
}