{
  "video_title_3":"HybridMount / VJBOD Cloud 雲網關與雲創新｜QNAP 20th Tech day",
  "meta_description":"VJBOD Cloud is a block-based storage gateway solution that allows you to backup the storage space on your local NAS using cloud space from cloud services providers such as Amazon, Azure, and Google Cloud.",
  "upgradeable":false,
  "small_image_label":"VJBOD Cloud for QuTScloud",
  "license_name":"VJBOD Cloud",
  "extendable":true,
  "space":"100",
  "license_activation_info":"<div class=\"qSW-pd-desc\"  id=\"qSW-pd-detail-license\">\n    \n    <iframe class=\"resize_height iframe_license_activation\" id=\"iframe_license_activation\" src=\"https://docs.qnap.com/operating-system/qts/4.5.x/zh-cn/GUID-C6DE86F5-38A3-496E-A872-F833E1E5280D.html\" frameborder=\"0\" allowfullscreen=\"\" width=\"100%\" height=\"100%\" scrolling=\"no\"></iframe>\n\n</div>",
  "video_url_3":"https://www.youtube.com/watch?v=feMm3mi0wmQ",
  "support_org":false,
  "is_perpetual":false,
  "video_title_1":"QNAP VJBOD (Virtual JBOD) for maximized sharing benefits",
  "pre_gen_key":false,
  "grace_period_days":"1",
  "video_url_1":"https://www.youtube.com/watch?v=iEUJv-ke4dE",
  "image_label":"VJBOD Cloud for QuTScloud",
  "immediate_activate":true,
  "app_min_version":"1.0.0",
  "variant_feature":"premium",
  "msrp_display_actual_price_type":"Use config",
  "is_bundle":false,
  "shown_unit_price_sku":"LS-VJBODCLOUD-QTSCLD-4C-1Y-EI",
  "video_image_url_2":"https://img.youtube.com/vi/1Zsr7eW2xaE/0.jpg",
  "external_service":false,
  "product_class":"VJBOD",
  "is_grace":true,
  "gift_message_available":"No",
  "quota_device":"1",
  "aw_sarp2_is_used_advanced_pricing":"Use config",
  "is_floating":true,
  "is_subscription":true,
  "is_self_check":true,
  "ext_check_type":"product.product_type",
  "purchase_before_installed":false,
  "thumbnail_label":"VJBOD Cloud for QuTScloud",
  "amrolepermissions_owner":"0",
  "app_internal_name":"VJBOD_Cloud_Plug-in",
  "video_image_url_3":"https://img.youtube.com/vi/feMm3mi0wmQ/0.jpg",
  "transferable":true,
  "video_url_2":"https://www.youtube.com/watch?v=1Zsr7eW2xaE",
  "video_image_url_1":"https://img.youtube.com/vi/iEUJv-ke4dE/0.jpg",
  "ui_type":"Drop-down List",
  "type":"device",
  "app_display_name":"VJBOD Cloud",
  "product_image_size":"Default",
  "video_title_2":"Introducing VJBOD Cloud: The block-based cloud storage gateway",
  "product_page_type":"Default",
  "device_type":"vqts_cld"
}