{
  "meta_description":"Qfiling 可为您自动完成文件组织任务。 您只需将文件分类并制定计划，其余操作均由 Qfiling 完成。 简单、智能、高效!",
  "upgradeable":true,
  "small_image_label":"Qfiling for QuTScloud",
  "license_name":"Qfiling for QuTScloud Upgrade",
  "extendable":true,
  "app_display_name":"Qfiling for QuTScloud Upgrade",
  "thumbnail_label":"Qfiling for QuTScloud",
  "support_org":false,
  "is_perpetual":false,
  "video_title_1":"Simplified file organization with Qfiling",
  "pre_gen_key":false,
  "grace_period_days":"1",
  "video_url_1":"https://www.youtube.com/watch?v=w-64XPxIS7g",
  "image_label":"Qfiling for QuTScloud",
  "immediate_activate":true,
  "app_min_version":"3.0.0",
  "msrp_display_actual_price_type":"Use config",
  "video_image_url_2":"https://img.youtube.com/vi/WvsIkVeUHJM/0.jpg",
  "variant_feature":"premium",
  "product_class":"Qfiling",
  "ext_check_type":"product.product_type",
  "gift_message_available":"No",
  "quota_device":"1",
  "shown_unit_price_sku":"LS-QFILING-QTSCLD-1Y-EI",
  "is_grace":true,
  "is_subscription":true,
  "is_self_check":true,
  "is_floating":true,
  "purchase_before_installed":true,
  "external_service":false,
  "amrolepermissions_owner":"0",
  "app_internal_name":"Qfiling",
  "video_url_2":"https://www.youtube.com/watch?v=WvsIkVeUHJM",
  "transferable":true,
  "is_bundle":false,
  "video_image_url_1":"https://img.youtube.com/vi/w-64XPxIS7g/0.jpg",
  "ui_type":"Drop-down List",
  "license_activation_info":"<div class=\"qSW-pd-desc\"  id=\"qSW-pd-detail-license\">\n    \n    <iframe class=\"resize_height iframe_license_activation\" id=\"iframe_license_activation\" src=\"https://docs.qnap.com/operating-system/qts/4.5.x/zh-cn/GUID-C6DE86F5-38A3-496E-A872-F833E1E5280D.html\" frameborder=\"0\" allowfullscreen=\"\" width=\"100%\" height=\"100%\" scrolling=\"no\"></iframe>\n\n</div>",
  "type":"device",
  "product_image_size":"Default",
  "video_title_2":"Qfiling 2.1 explained: Browse and share images via Image2PDF file editing modules",
  "product_page_type":"Default",
  "device_type":"vqts_cld"
}